Method,Model,Count,Mean,Q90,Q95,Max,TargetLabel
JointPairUCB,Perfect Redundancy (Clone),71,1.0066901693314975e-08,1.8790085543063384e-08,2.0881470143285785e-08,2.5883868465248483e-08,Clone
Random,Perfect Redundancy (Clone),78,4.615164352891531e-09,8.910277324303272e-09,1.0050336712863483e-08,1.3723864822345888e-08,Clone
JointPairUCB,Parametric Divergence (Finetuned),71,0.6558104195091441,0.8938917923484506,0.932311402210314,0.9473284626485204,Fine-tuned
Random,Parametric Divergence (Finetuned),55,0.4266343491031153,0.9235631237232688,0.9297567061049506,0.95521086524012,Fine-tuned
JointPairUCB,Architectural Divergence (RoBERTa),56,0.37014572687205266,0.7000968917408634,0.7624676115855911,0.8905843507586706,RoBERTa
Random,Architectural Divergence (RoBERTa),70,0.22645627022782228,0.47527659932879657,0.5126797766099556,0.6222592560383747,RoBERTa
