Method,Model,Count,Mean,Q90,Q95,Max,TargetLabel
JointPairUCB,Perfect Redundancy (Clone),85,2.047365505595374e-09,3.253021383514687e-09,3.770693696170113e-09,1.3417027822093532e-08,Clone
Random,Perfect Redundancy (Clone),70,9.818908592508006e-09,1.92281695010621e-08,2.051251865586856e-08,2.4257201025612574e-08,Clone
JointPairUCB,Parametric Divergence (DistilBERT-MNLI-Variant),62,0.5060050166106992,0.87702476119346,0.8833918917759803,0.9382005312449956,DistilBERT Variant
Random,Parametric Divergence (DistilBERT-MNLI-Variant),70,0.254065714051965,0.8684419082554183,0.8843868289037223,0.9022672765684626,DistilBERT Variant
JointPairUCB,Architectural Divergence (DeBERTa-MNLI),85,0.2905518353435872,0.5448388201289105,0.5911018427373689,0.6847858229430992,DeBERTa
Random,Architectural Divergence (DeBERTa-MNLI),71,0.2961205831881867,0.6520366006000027,0.7640530039943585,0.8668373927034875,DeBERTa
