unique,dim,K,R,mean_max_residual,std_max_residual,mean_attempts,std_attempts
1,20,200,3.0,6.263398548531869,0.37287293810617017,200.0,0.0
1,20,500,3.0,7.179823792656753,0.1968786087024795,500.0,0.0
1,20,1000,3.0,7.2937330729251455,0.14204884762343123,1000.0,0.0
