unique,dim,K,R,mean_max_residual,std_max_residual,mean_attempts,std_attempts
1,20,200,3.0,4.7150679529454,0.7031725385041306,40.0,0.0
1,20,500,3.0,5.832977236078113,0.5556221794729544,100.0,0.0
1,20,1000,3.0,6.364539508917259,0.15026462124449058,200.0,0.0
