unique,dim,K,R,mean_max_residual,std_max_residual,mean_attempts,std_attempts
0,20,200,3.0,0.28304356573241396,0.023713682367516708,40.0,0.0
0,20,500,3.0,0.31175951927843937,0.03721188949481637,100.0,0.0
0,20,1000,3.0,0.34423183657172085,0.03449981590761965,200.0,0.0
