unique,dim,K,R,mean_max_residual,std_max_residual,mean_attempts,std_attempts,mean_baseline_disco_distance,std_baseline_disco_distance
0,20,200,3.0,0.6648906572665145,0.13323551207814685,11294.2,916.1237361841467,3.0270149443968655,0.10050369097472885
0,20,500,3.0,0.6662806749064062,0.06583036164499606,28919.4,1694.5920748073852,2.9815912886627753,0.12450890279454095
0,20,1000,3.0,0.749422700179399,0.0972865949751227,57733.8,1677.7019103523714,2.9887909800192105,0.18454137925721173
