unique,dim,K,R,mean_max_residual,std_max_residual,mean_attempts,std_attempts,mean_baseline_disco_distance,std_baseline_disco_distance
1,20,200,3.0,4.044254577091594,1.0689938834991204,11294.2,916.1237361841467,33.39148392229103,1.2097467202336565
1,20,500,3.0,4.506692323703985,0.6178042291825457,28919.4,1694.5920748073852,33.867109996721155,1.6140227162987977
1,20,1000,3.0,4.915468394435172,0.7938724010597698,57733.8,1677.7019103523714,34.329417835360644,1.0596380314413736
