unique,dim,K,R,mean_max_residual,std_max_residual,mean_attempts,std_attempts
0,20,200,3.0,0.7290222045498861,0.09872903694619328,200.0,0.0
0,20,500,3.0,0.7199853390263453,0.1064816967534393,500.0,0.0
0,20,1000,3.0,0.7717046635088514,0.09015044150893864,1000.0,0.0
